accuracy_norm,PVI
1.0,-0.497
0.4705882352941152,-0.497
0.4705882352941152,-0.497
0.294117647058823,-0.497
0.2352941176470534,-0.497
0.1764705882352921,-0.497
0.0588235294117612,-0.497
0.0,-0.497
0.0,-0.497
1.0,-5.67
0.9836065573770492,-5.67
0.9672131147540984,-5.67
0.9672131147540984,-5.67
0.9672131147540984,-5.67
0.9508196721311476,-5.67
0.9508196721311476,-5.67
0.9508196721311476,-5.67
0.9508196721311476,-5.67
0.9508196721311476,-5.67
0.9508196721311476,-5.67
0.9508196721311476,-5.67
0.9344262295081968,-5.67
0.9344262295081968,-5.67
0.9344262295081968,-5.67
0.9344262295081968,-5.67
0.918032786885246,-5.67
0.918032786885246,-5.67
0.918032786885246,-5.67
0.918032786885246,-5.67
0.918032786885246,-5.67
0.918032786885246,-5.67
0.9016393442622952,-5.67
0.9016393442622952,-5.67
0.9016393442622952,-5.67
0.9016393442622952,-5.67
0.8852459016393442,-5.67
0.8852459016393442,-5.67
0.8852459016393442,-5.67
0.8852459016393442,-5.67
0.8852459016393442,-5.67
0.8852459016393442,-5.67
0.8852459016393442,-5.67
0.8852459016393442,-5.67
0.8852459016393442,-5.67
0.8688524590163934,-5.67
0.8688524590163934,-5.67
0.8688524590163934,-5.67
0.8688524590163934,-5.67
0.8688524590163934,-5.67
0.8688524590163934,-5.67
0.8524590163934426,-5.67
0.8524590163934426,-5.67
0.8524590163934426,-5.67
0.8524590163934426,-5.67
0.8524590163934426,-5.67
0.8524590163934426,-5.67
0.8524590163934426,-5.67
0.8360655737704918,-5.67
0.8360655737704918,-5.67
0.8360655737704918,-5.67
0.8360655737704918,-5.67
0.8360655737704918,-5.67
0.8360655737704918,-5.67
0.8360655737704918,-5.67
0.8360655737704918,-5.67
0.8360655737704918,-5.67
0.819672131147541,-5.67
0.819672131147541,-5.67
0.819672131147541,-5.67
0.819672131147541,-5.67
0.819672131147541,-5.67
0.819672131147541,-5.67
0.819672131147541,-5.67
0.819672131147541,-5.67
0.819672131147541,-5.67
0.819672131147541,-5.67
0.819672131147541,-5.67
0.8032786885245902,-5.67
0.8032786885245902,-5.67
0.8032786885245902,-5.67
0.8032786885245902,-5.67
0.8032786885245902,-5.67
0.8032786885245902,-5.67
0.8032786885245902,-5.67
0.8032786885245902,-5.67
0.8032786885245902,-5.67
0.7868852459016393,-5.67
0.7868852459016393,-5.67
0.7868852459016393,-5.67
0.7868852459016393,-5.67
0.7868852459016393,-5.67
0.7868852459016393,-5.67
0.7868852459016393,-5.67
0.7868852459016393,-5.67
0.7868852459016393,-5.67
0.7868852459016393,-5.67
0.7868852459016393,-5.67
0.7868852459016393,-5.67
0.7868852459016393,-5.67
0.7704918032786885,-5.67
0.7704918032786885,-5.67
0.7704918032786885,-5.67
0.7704918032786885,-5.67
0.7704918032786885,-5.67
0.7704918032786885,-5.67
0.7704918032786885,-5.67
0.7704918032786885,-5.67
0.7704918032786885,-5.67
0.7704918032786885,-5.67
0.7704918032786885,-5.67
0.7704918032786885,-5.67
0.7704918032786885,-5.67
0.7704918032786885,-5.67
0.7704918032786885,-5.67
0.7540983606557377,-5.67
0.7540983606557377,-5.67
0.7540983606557377,-5.67
0.7540983606557377,-5.67
0.7540983606557377,-5.67
0.7540983606557377,-5.67
0.7540983606557377,-5.67
0.7540983606557377,-5.67
0.7540983606557377,-5.67
0.7540983606557377,-5.67
0.7540983606557377,-5.67
0.7540983606557377,-5.67
0.7377049180327869,-5.67
0.7377049180327869,-5.67
0.7377049180327869,-5.67
0.7377049180327869,-5.67
0.7377049180327869,-5.67
0.7377049180327869,-5.67
0.7377049180327869,-5.67
0.7213114754098361,-5.67
0.7213114754098361,-5.67
0.7213114754098361,-5.67
0.7049180327868853,-5.67
0.7049180327868853,-5.67
0.7049180327868853,-5.67
0.6885245901639344,-5.67
0.6885245901639344,-5.67
0.6885245901639344,-5.67
0.6885245901639344,-5.67
0.6885245901639344,-5.67
0.6721311475409836,-5.67
0.6721311475409836,-5.67
0.6721311475409836,-5.67
0.6721311475409836,-5.67
0.6721311475409836,-5.67
0.6557377049180327,-5.67
0.6557377049180327,-5.67
0.6557377049180327,-5.67
0.6557377049180327,-5.67
0.639344262295082,-5.67
0.639344262295082,-5.67
0.639344262295082,-5.67
0.6229508196721312,-5.67
0.6229508196721312,-5.67
0.6229508196721312,-5.67
0.6065573770491803,-5.67
0.6065573770491803,-5.67
0.6065573770491803,-5.67
0.6065573770491803,-5.67
0.6065573770491803,-5.67
0.5901639344262295,-5.67
0.5901639344262295,-5.67
0.5737704918032787,-5.67
0.5737704918032787,-5.67
0.5573770491803278,-5.67
0.5573770491803278,-5.67
0.5573770491803278,-5.67
0.5409836065573771,-5.67
0.5409836065573771,-5.67
0.5245901639344263,-5.67
0.5245901639344263,-5.67
0.5245901639344263,-5.67
0.5245901639344263,-5.67
0.5245901639344263,-5.67
0.5081967213114754,-5.67
0.5081967213114754,-5.67
0.5081967213114754,-5.67
0.4918032786885246,-5.67
0.4754098360655737,-5.67
0.4262295081967213,-5.67
0.4262295081967213,-5.67
0.4098360655737705,-5.67
0.4098360655737705,-5.67
0.4098360655737705,-5.67
0.3934426229508196,-5.67
0.360655737704918,-5.67
0.2131147540983606,-5.67
0.1147540983606557,-5.67
0.0163934426229508,-5.67
0.0,-5.67
1.0,-3.39
1.0,-3.39
1.0,-3.39
1.0,-3.39
1.0,-3.39
1.0,-3.39
1.0,-3.39
1.0,-3.39
1.0,-3.39
1.0,-3.39
1.0,-3.39
1.0,-3.39
1.0,-3.39
1.0,-3.39
1.0,-3.39
1.0,-3.39
1.0,-3.39
1.0,-3.39
1.0,-3.39
1.0,-3.39
1.0,-3.39
1.0,-3.39
0.9743589743589745,-3.39
0.9743589743589745,-3.39
0.9743589743589745,-3.39
0.9743589743589745,-3.39
0.9743589743589745,-3.39
0.9743589743589745,-3.39
0.9743589743589745,-3.39
0.9743589743589745,-3.39
0.9743589743589745,-3.39
0.9743589743589745,-3.39
0.9743589743589745,-3.39
0.9743589743589745,-3.39
0.9743589743589745,-3.39
0.9743589743589745,-3.39
0.9743589743589745,-3.39
0.9743589743589745,-3.39
0.9743589743589745,-3.39
0.9743589743589745,-3.39
0.9743589743589745,-3.39
0.9743589743589745,-3.39
0.9743589743589745,-3.39
0.9743589743589745,-3.39
0.9743589743589745,-3.39
0.9743589743589745,-3.39
0.9743589743589745,-3.39
0.9743589743589745,-3.39
0.9743589743589745,-3.39
0.9743589743589745,-3.39
0.9743589743589745,-3.39
0.9743589743589745,-3.39
0.9743589743589745,-3.39
0.9743589743589745,-3.39
0.9487179487179488,-3.39
0.9487179487179488,-3.39
0.9487179487179488,-3.39
0.9487179487179488,-3.39
0.9487179487179488,-3.39
0.9487179487179488,-3.39
0.9487179487179488,-3.39
0.9487179487179488,-3.39
0.9487179487179488,-3.39
0.9487179487179488,-3.39
0.9487179487179488,-3.39
0.9487179487179488,-3.39
0.9487179487179488,-3.39
0.9487179487179488,-3.39
0.9487179487179488,-3.39
0.9487179487179488,-3.39
0.9487179487179488,-3.39
0.9487179487179488,-3.39
0.9487179487179488,-3.39
0.9487179487179488,-3.39
0.9487179487179488,-3.39
0.9487179487179488,-3.39
0.9487179487179488,-3.39
0.9487179487179488,-3.39
0.9487179487179488,-3.39
0.9487179487179488,-3.39
0.9487179487179488,-3.39
0.9487179487179488,-3.39
0.9487179487179488,-3.39
0.9487179487179488,-3.39
0.9487179487179488,-3.39
0.9487179487179488,-3.39
0.9487179487179488,-3.39
0.9487179487179488,-3.39
0.9230769230769232,-3.39
0.9230769230769232,-3.39
0.9230769230769232,-3.39
0.9230769230769232,-3.39
0.9230769230769232,-3.39
0.9230769230769232,-3.39
0.9230769230769232,-3.39
0.9230769230769232,-3.39
0.9230769230769232,-3.39
0.9230769230769232,-3.39
0.9230769230769232,-3.39
0.9230769230769232,-3.39
0.9230769230769232,-3.39
0.9230769230769232,-3.39
0.9230769230769232,-3.39
0.9230769230769232,-3.39
0.9230769230769232,-3.39
0.9230769230769232,-3.39
0.9230769230769232,-3.39
0.9230769230769232,-3.39
0.9230769230769232,-3.39
0.9230769230769232,-3.39
0.9230769230769232,-3.39
0.9230769230769232,-3.39
0.9230769230769232,-3.39
0.8974358974358975,-3.39
0.8974358974358975,-3.39
0.8974358974358975,-3.39
0.8974358974358975,-3.39
0.8974358974358975,-3.39
0.8974358974358975,-3.39
0.8974358974358975,-3.39
0.8974358974358975,-3.39
0.8974358974358975,-3.39
0.8974358974358975,-3.39
0.8974358974358975,-3.39
0.8974358974358975,-3.39
0.8974358974358975,-3.39
0.8974358974358975,-3.39
0.8974358974358975,-3.39
0.8717948717948718,-3.39
0.8717948717948718,-3.39
0.8717948717948718,-3.39
0.8717948717948718,-3.39
0.8717948717948718,-3.39
0.8717948717948718,-3.39
0.8717948717948718,-3.39
0.8717948717948718,-3.39
0.8717948717948718,-3.39
0.8717948717948718,-3.39
0.8717948717948718,-3.39
0.8717948717948718,-3.39
0.8717948717948718,-3.39
0.8717948717948718,-3.39
0.8717948717948718,-3.39
0.8717948717948718,-3.39
0.8717948717948718,-3.39
0.8461538461538461,-3.39
0.8461538461538461,-3.39
0.8461538461538461,-3.39
0.8461538461538461,-3.39
0.8461538461538461,-3.39
0.8461538461538461,-3.39
0.8461538461538461,-3.39
0.8461538461538461,-3.39
0.8461538461538461,-3.39
0.8205128205128205,-3.39
0.8205128205128205,-3.39
0.8205128205128205,-3.39
0.8205128205128205,-3.39
0.8205128205128205,-3.39
0.8205128205128205,-3.39
0.8205128205128205,-3.39
0.7948717948717948,-3.39
0.7948717948717948,-3.39
0.7948717948717948,-3.39
0.7948717948717948,-3.39
0.7948717948717948,-3.39
0.7948717948717948,-3.39
0.7948717948717948,-3.39
0.7948717948717948,-3.39
0.7692307692307693,-3.39
0.7692307692307693,-3.39
0.7692307692307693,-3.39
0.7692307692307693,-3.39
0.7692307692307693,-3.39
0.7692307692307693,-3.39
0.7435897435897436,-3.39
0.7435897435897436,-3.39
0.7435897435897436,-3.39
0.717948717948718,-3.39
0.717948717948718,-3.39
0.717948717948718,-3.39
0.6923076923076923,-3.39
0.6666666666666666,-3.39
0.6410256410256411,-3.39
0.6153846153846154,-3.39
0.6153846153846154,-3.39
0.5897435897435898,-3.39
0.5897435897435898,-3.39
0.5897435897435898,-3.39
0.5897435897435898,-3.39
0.5641025641025641,-3.39
0.5641025641025641,-3.39
0.5128205128205128,-3.39
0.5128205128205128,-3.39
0.5128205128205128,-3.39
0.4871794871794871,-3.39
0.4615384615384615,-3.39
0.4102564102564102,-3.39
0.3846153846153846,-3.39
0.3846153846153846,-3.39
0.358974358974359,-3.39
0.3333333333333333,-3.39
0.1282051282051282,-3.39
0.0,-3.39
1.0,-8.59
0.9576119402985074,-8.59
0.9564179104477608,-8.59
0.9552238805970148,-8.59
0.9546268656716416,-8.59
0.9417910447761192,-8.59
0.9417910447761192,-8.59
0.9402985074626866,-8.59
0.9343283582089552,-8.59
0.9343283582089552,-8.59
0.9334328358208954,-8.59
0.9313432835820892,-8.59
0.9313432835820892,-8.59
0.9298507462686564,-8.59
0.9283582089552236,-8.59
0.9283582089552236,-8.59
0.9223880597014924,-8.59
0.9223880597014924,-8.59
0.9194029850746268,-8.59
0.9164179104477608,-8.59
0.9164179104477608,-8.59
0.9164179104477608,-8.59
0.9143283582089552,-8.59
0.9134328358208954,-8.59
0.9107462686567162,-8.59
0.9107462686567162,-8.59
0.9044776119402984,-8.59
0.902089552238806,-8.59
0.9014925373134324,-8.59
0.898507462686567,-8.59
0.8955223880597015,-8.59
0.8946268656716417,-8.59
0.8931343283582086,-8.59
0.8925373134328356,-8.59
0.8925373134328356,-8.59
0.8895522388059701,-8.59
0.8892537313432833,-8.59
0.8877611940298507,-8.59
0.8868656716417909,-8.59
0.8865671641791042,-8.59
0.8865671641791042,-8.59
0.8865671641791042,-8.59
0.8850746268656714,-8.59
0.8841791044776117,-8.59
0.8838805970149254,-8.59
0.8835820895522387,-8.59
0.8835820895522387,-8.59
0.8835820895522387,-8.59
0.8835820895522387,-8.59
0.8823880597014923,-8.59
0.8805970149253731,-8.59
0.8805970149253731,-8.59
0.8799999999999997,-8.59
0.8797014925373134,-8.59
0.8794029850746267,-8.59
0.8794029850746267,-8.59
0.8782089552238802,-8.59
0.8776119402985072,-8.59
0.8776119402985072,-8.59
0.8758208955223877,-8.59
0.8755223880597015,-8.59
0.8746268656716417,-8.59
0.8716417910447758,-8.59
0.8710447761194028,-8.59
0.8686567164179103,-8.59
0.8686567164179103,-8.59
0.8686567164179103,-8.59
0.8686567164179103,-8.59
0.8668656716417908,-8.59
0.8656716417910448,-8.59
0.8626865671641789,-8.59
0.8626865671641789,-8.59
0.8626865671641789,-8.59
0.8626865671641789,-8.59
0.8626865671641789,-8.59
0.8626865671641789,-8.59
0.8614925373134329,-8.59
0.8597014925373134,-8.59
0.8597014925373134,-8.59
0.8597014925373134,-8.59
0.8567164179104475,-8.59
0.8549253731343284,-8.59
0.8537313432835819,-8.59
0.8537313432835819,-8.59
0.8537313432835819,-8.59
0.8537313432835819,-8.59
0.8537313432835819,-8.59
0.8537313432835819,-8.59
0.8510447761194028,-8.59
0.8507462686567164,-8.59
0.8507462686567164,-8.59
0.8507462686567164,-8.59
0.8507462686567164,-8.59
0.8507462686567164,-8.59
0.8507462686567164,-8.59
0.8477611940298505,-8.59
0.8477611940298505,-8.59
0.844776119402985,-8.59
0.844776119402985,-8.59
0.8417910447761191,-8.59
0.8417910447761191,-8.59
0.8417910447761191,-8.59
0.8417910447761191,-8.59
0.8417910447761191,-8.59
0.8417910447761191,-8.59
0.8417910447761191,-8.59
0.8408955223880593,-8.59
0.8394029850746266,-8.59
0.8388059701492536,-8.59
0.8388059701492536,-8.59
0.8388059701492536,-8.59
0.8358208955223881,-8.59
0.8358208955223881,-8.59
0.8358208955223881,-8.59
0.8358208955223881,-8.59
0.8358208955223881,-8.59
0.8358208955223881,-8.59
0.8328358208955222,-8.59
0.8328358208955222,-8.59
0.8328358208955222,-8.59
0.8322388059701491,-8.59
0.8310447761194028,-8.59
0.8298507462686566,-8.59
0.8298507462686566,-8.59
0.8298507462686566,-8.59
0.8298507462686566,-8.59
0.8298507462686566,-8.59
0.8271641791044775,-8.59
0.8268656716417907,-8.59
0.8268656716417907,-8.59
0.8268656716417907,-8.59
0.8238805970149252,-8.59
0.8238805970149252,-8.59
0.8238805970149252,-8.59
0.8238805970149252,-8.59
0.8238805970149252,-8.59
0.8238805970149252,-8.59
0.8226865671641788,-8.59
0.8214925373134327,-8.59
0.8208955223880597,-8.59
0.8208955223880597,-8.59
0.8208955223880597,-8.59
0.8208955223880597,-8.59
0.8208955223880597,-8.59
0.8208955223880597,-8.59
0.8208955223880597,-8.59
0.8208955223880597,-8.59
0.8208955223880597,-8.59
0.8191044776119403,-8.59
0.8179104477611938,-8.59
0.8179104477611938,-8.59
0.8179104477611938,-8.59
0.8179104477611938,-8.59
0.8179104477611938,-8.59
0.8179104477611938,-8.59
0.8179104477611938,-8.59
0.8179104477611938,-8.59
0.8179104477611938,-8.59
0.8179104477611938,-8.59
0.8161194029850743,-8.59
0.8149253731343283,-8.59
0.8149253731343283,-8.59
0.8149253731343283,-8.59
0.8149253731343283,-8.59
0.8149253731343283,-8.59
0.8146268656716416,-8.59
0.8119402985074624,-8.59
0.8119402985074624,-8.59
0.8119402985074624,-8.59
0.8119402985074624,-8.59
0.8098507462686566,-8.59
0.8092537313432836,-8.59
0.8089552238805969,-8.59
0.8089552238805969,-8.59
0.8089552238805969,-8.59
0.8089552238805969,-8.59
0.8089552238805969,-8.59
0.8089552238805969,-8.59
0.8089552238805969,-8.59
0.8059701492537313,-8.59
0.8059701492537313,-8.59
0.8059701492537313,-8.59
0.8059701492537313,-8.59
0.8029850746268654,-8.59
0.8029850746268654,-8.59
0.8029850746268654,-8.59
0.8029850746268654,-8.59
0.8029850746268654,-8.59
0.8029850746268654,-8.59
0.8029850746268654,-8.59
0.8029850746268654,-8.59
0.8029850746268654,-8.59
0.8029850746268654,-8.59
0.8014925373134327,-8.59
0.801194029850746,-8.59
0.8005970149253729,-8.59
0.7999999999999999,-8.59
0.7999999999999999,-8.59
0.7999999999999999,-8.59
0.7999999999999999,-8.59
0.7999999999999999,-8.59
0.7999999999999999,-8.59
0.7999999999999999,-8.59
0.7999999999999999,-8.59
0.7999999999999999,-8.59
0.797014925373134,-8.59
0.797014925373134,-8.59
0.797014925373134,-8.59
0.7940298507462685,-8.59
0.7940298507462685,-8.59
0.7940298507462685,-8.59
0.7940298507462685,-8.59
0.7940298507462685,-8.59
0.7940298507462685,-8.59
0.7940298507462685,-8.59
0.7940298507462685,-8.59
0.7940298507462685,-8.59
0.791044776119403,-8.59
0.791044776119403,-8.59
0.791044776119403,-8.59
0.791044776119403,-8.59
0.791044776119403,-8.59
0.791044776119403,-8.59
0.791044776119403,-8.59
0.791044776119403,-8.59
0.791044776119403,-8.59
0.7907462686567163,-8.59
0.7880597014925371,-8.59
0.7880597014925371,-8.59
0.7880597014925371,-8.59
0.7880597014925371,-8.59
0.7880597014925371,-8.59
0.7874626865671641,-8.59
0.7862686567164177,-8.59
0.7862686567164177,-8.59
0.7850746268656716,-8.59
0.7850746268656716,-8.59
0.7850746268656716,-8.59
0.7850746268656716,-8.59
0.7850746268656716,-8.59
0.7850746268656716,-8.59
0.7820895522388057,-8.59
0.7820895522388057,-8.59
0.7820895522388057,-8.59
0.7820895522388057,-8.59
0.7820895522388057,-8.59
0.7820895522388057,-8.59
0.7820895522388057,-8.59
0.7820895522388057,-8.59
0.7820895522388057,-8.59
0.7811940298507459,-8.59
0.7791044776119401,-8.59
0.7791044776119401,-8.59
0.7791044776119401,-8.59
0.7791044776119401,-8.59
0.7791044776119401,-8.59
0.7791044776119401,-8.59
0.7791044776119401,-8.59
0.7791044776119401,-8.59
0.7776119402985074,-8.59
0.776417910447761,-8.59
0.7761194029850746,-8.59
0.7761194029850746,-8.59
0.7761194029850746,-8.59
0.7761194029850746,-8.59
0.7761194029850746,-8.59
0.7731343283582087,-8.59
0.7731343283582087,-8.59
0.7731343283582087,-8.59
0.7731343283582087,-8.59
0.7731343283582087,-8.59
0.7731343283582087,-8.59
0.7731343283582087,-8.59
0.7731343283582087,-8.59
0.7731343283582087,-8.59
0.7731343283582087,-8.59
0.7731343283582087,-8.59
0.7701492537313432,-8.59
0.7701492537313432,-8.59
0.7701492537313432,-8.59
0.7701492537313432,-8.59
0.7701492537313432,-8.59
0.7701492537313432,-8.59
0.7701492537313432,-8.59
0.7671641791044773,-8.59
0.7671641791044773,-8.59
0.7671641791044773,-8.59
0.7671641791044773,-8.59
0.7671641791044773,-8.59
0.7641791044776118,-8.59
0.7641791044776118,-8.59
0.7641791044776118,-8.59
0.7641791044776118,-8.59
0.7641791044776118,-8.59
0.762686567164179,-8.59
0.7611940298507464,-8.59
0.7611940298507464,-8.59
0.7611940298507464,-8.59
0.7611940298507464,-8.59
0.7611940298507464,-8.59
0.7588059701492534,-8.59
0.7582089552238804,-8.59
0.7582089552238804,-8.59
0.7582089552238804,-8.59
0.7582089552238804,-8.59
0.7582089552238804,-8.59
0.7582089552238804,-8.59
0.7582089552238804,-8.59
0.7582089552238804,-8.59
0.7552238805970148,-8.59
0.7552238805970148,-8.59
0.7552238805970148,-8.59
0.7552238805970148,-8.59
0.7552238805970148,-8.59
0.7552238805970148,-8.59
0.7552238805970148,-8.59
0.7552238805970148,-8.59
0.7552238805970148,-8.59
0.7552238805970148,-8.59
0.7552238805970148,-8.59
0.7552238805970148,-8.59
0.7522388059701489,-8.59
0.7522388059701489,-8.59
0.7522388059701489,-8.59
0.7522388059701489,-8.59
0.7522388059701489,-8.59
0.7522388059701489,-8.59
0.7522388059701489,-8.59
0.7522388059701489,-8.59
0.7522388059701489,-8.59
0.7522388059701489,-8.59
0.7522388059701489,-8.59
0.7492537313432834,-8.59
0.7492537313432834,-8.59
0.7492537313432834,-8.59
0.7492537313432834,-8.59
0.7492537313432834,-8.59
0.7492537313432834,-8.59
0.7492537313432834,-8.59
0.7492537313432834,-8.59
0.7492537313432834,-8.59
0.7492537313432834,-8.59
0.7492537313432834,-8.59
0.746268656716418,-8.59
0.746268656716418,-8.59
0.746268656716418,-8.59
0.746268656716418,-8.59
0.746268656716418,-8.59
0.746268656716418,-8.59
0.746268656716418,-8.59
0.746268656716418,-8.59
0.746268656716418,-8.59
0.746268656716418,-8.59
0.7456716417910445,-8.59
0.743283582089552,-8.59
0.743283582089552,-8.59
0.743283582089552,-8.59
0.743283582089552,-8.59
0.743283582089552,-8.59
0.743283582089552,-8.59
0.743283582089552,-8.59
0.7402985074626866,-8.59
0.7402985074626866,-8.59
0.7402985074626866,-8.59
0.7402985074626866,-8.59
0.7402985074626866,-8.59
0.7402985074626866,-8.59
0.7402985074626866,-8.59
0.7402985074626866,-8.59
0.7402985074626866,-8.59
0.7394029850746268,-8.59
0.7388059701492538,-8.59
0.7379104477611941,-8.59
0.7376119402985073,-8.59
0.7373134328358206,-8.59
0.7373134328358206,-8.59
0.7373134328358206,-8.59
0.7373134328358206,-8.59
0.7373134328358206,-8.59
0.7373134328358206,-8.59
0.7373134328358206,-8.59
0.7373134328358206,-8.59
0.7373134328358206,-8.59
0.7373134328358206,-8.59
0.7373134328358206,-8.59
0.7373134328358206,-8.59
0.7349253731343282,-8.59
0.7343283582089551,-8.59
0.7343283582089551,-8.59
0.7343283582089551,-8.59
0.7313432835820896,-8.59
0.7313432835820896,-8.59
0.7313432835820896,-8.59
0.7313432835820896,-8.59
0.7313432835820896,-8.59
0.7313432835820896,-8.59
0.7313432835820896,-8.59
0.7313432835820896,-8.59
0.7295522388059701,-8.59
0.7283582089552236,-8.59
0.7283582089552236,-8.59
0.7283582089552236,-8.59
0.7283582089552236,-8.59
0.7283582089552236,-8.59
0.7283582089552236,-8.59
0.7283582089552236,-8.59
0.7283582089552236,-8.59
0.7283582089552236,-8.59
0.7283582089552236,-8.59
0.7253731343283581,-8.59
0.7253731343283581,-8.59
0.7253731343283581,-8.59
0.7253731343283581,-8.59
0.7253731343283581,-8.59
0.7253731343283581,-8.59
0.7253731343283581,-8.59
0.7253731343283581,-8.59
0.7253731343283581,-8.59
0.7253731343283581,-8.59
0.7253731343283581,-8.59
0.7253731343283581,-8.59
0.7253731343283581,-8.59
0.7223880597014922,-8.59
0.7223880597014922,-8.59
0.7223880597014922,-8.59
0.7223880597014922,-8.59
0.7223880597014922,-8.59
0.7223880597014922,-8.59
0.7223880597014922,-8.59
0.7223880597014922,-8.59
0.7223880597014922,-8.59
0.722089552238806,-8.59
0.7197014925373135,-8.59
0.7194029850746267,-8.59
0.7194029850746267,-8.59
0.7194029850746267,-8.59
0.7194029850746267,-8.59
0.7194029850746267,-8.59
0.7194029850746267,-8.59
0.7194029850746267,-8.59
0.7194029850746267,-8.59
0.7164179104477613,-8.59
0.7164179104477613,-8.59
0.7164179104477613,-8.59
0.7164179104477613,-8.59
0.7164179104477613,-8.59
0.7164179104477613,-8.59
0.714925373134328,-8.59
0.7134328358208953,-8.59
0.7134328358208953,-8.59
0.7134328358208953,-8.59
0.7134328358208953,-8.59
0.7134328358208953,-8.59
0.7134328358208953,-8.59
0.7134328358208953,-8.59
0.7134328358208953,-8.59
0.7134328358208953,-8.59
0.7134328358208953,-8.59
0.7134328358208953,-8.59
0.7107462686567161,-8.59
0.7104477611940299,-8.59
0.7104477611940299,-8.59
0.7104477611940299,-8.59
0.7104477611940299,-8.59
0.7104477611940299,-8.59
0.7104477611940299,-8.59
0.7104477611940299,-8.59
0.7104477611940299,-8.59
0.7104477611940299,-8.59
0.7074626865671639,-8.59
0.7074626865671639,-8.59
0.7074626865671639,-8.59
0.7074626865671639,-8.59
0.7074626865671639,-8.59
0.7074626865671639,-8.59
0.7074626865671639,-8.59
0.7056716417910448,-8.59
0.7044776119402985,-8.59
0.7044776119402985,-8.59
0.7044776119402985,-8.59
0.7044776119402985,-8.59
0.7044776119402985,-8.59
0.7044776119402985,-8.59
0.7044776119402985,-8.59
0.7044776119402985,-8.59
0.703283582089552,-8.59
0.7014925373134329,-8.59
0.7014925373134329,-8.59
0.7014925373134329,-8.59
0.7014925373134329,-8.59
0.7014925373134329,-8.59
0.7014925373134329,-8.59
0.7014925373134329,-8.59
0.7005970149253732,-8.59
0.6999999999999997,-8.59
0.6985074626865669,-8.59
0.6985074626865669,-8.59
0.6985074626865669,-8.59
0.6985074626865669,-8.59
0.6985074626865669,-8.59
0.6985074626865669,-8.59
0.6985074626865669,-8.59
0.6982089552238807,-8.59
0.6961194029850745,-8.59
0.6955223880597015,-8.59
0.6955223880597015,-8.59
0.6955223880597015,-8.59
0.6955223880597015,-8.59
0.6955223880597015,-8.59
0.6955223880597015,-8.59
0.6955223880597015,-8.59
0.6955223880597015,-8.59
0.6955223880597015,-8.59
0.6955223880597015,-8.59
0.6955223880597015,-8.59
0.6955223880597015,-8.59
0.694328358208955,-8.59
0.6934328358208953,-8.59
0.6928358208955223,-8.59
0.6925373134328355,-8.59
0.6925373134328355,-8.59
0.6925373134328355,-8.59
0.6925373134328355,-8.59
0.68955223880597,-8.59
0.68955223880597,-8.59
0.68955223880597,-8.59
0.68955223880597,-8.59
0.68955223880597,-8.59
0.68955223880597,-8.59
0.68955223880597,-8.59
0.68955223880597,-8.59
0.68955223880597,-8.59
0.68955223880597,-8.59
0.6883582089552236,-8.59
0.6865671641791046,-8.59
0.6865671641791046,-8.59
0.6865671641791046,-8.59
0.6865671641791046,-8.59
0.6865671641791046,-8.59
0.6865671641791046,-8.59
0.6865671641791046,-8.59
0.6865671641791046,-8.59
0.6862686567164178,-8.59
0.6856716417910448,-8.59
0.6835820895522386,-8.59
0.6835820895522386,-8.59
0.6835820895522386,-8.59
0.6835820895522386,-8.59
0.6835820895522386,-8.59
0.6835820895522386,-8.59
0.6835820895522386,-8.59
0.6811940298507462,-8.59
0.6808955223880594,-8.59
0.6805970149253732,-8.59
0.6805970149253732,-8.59
0.6805970149253732,-8.59
0.6805970149253732,-8.59
0.6805970149253732,-8.59
0.6805970149253732,-8.59
0.6776119402985072,-8.59
0.6776119402985072,-8.59
0.6776119402985072,-8.59
0.6776119402985072,-8.59
0.6776119402985072,-8.59
0.6776119402985072,-8.59
0.6776119402985072,-8.59
0.6776119402985072,-8.59
0.6746268656716417,-8.59
0.6746268656716417,-8.59
0.6746268656716417,-8.59
0.6746268656716417,-8.59
0.6746268656716417,-8.59
0.6746268656716417,-8.59
0.6746268656716417,-8.59
0.6746268656716417,-8.59
0.674328358208955,-8.59
0.6716417910447762,-8.59
0.6716417910447762,-8.59
0.6716417910447762,-8.59
0.6716417910447762,-8.59
0.6716417910447762,-8.59
0.6698507462686567,-8.59
0.66955223880597,-8.59
0.6692537313432833,-8.59
0.6686567164179102,-8.59
0.6686567164179102,-8.59
0.6686567164179102,-8.59
0.6686567164179102,-8.59
0.6668656716417908,-8.59
0.6665671641791044,-8.59
0.6656716417910448,-8.59
0.6656716417910448,-8.59
0.664179104477612,-8.59
0.6635820895522385,-8.59
0.6626865671641788,-8.59
0.6626865671641788,-8.59
0.6626865671641788,-8.59
0.6626865671641788,-8.59
0.6626865671641788,-8.59
0.6623880597014925,-8.59
0.6620895522388058,-8.59
0.6597014925373134,-8.59
0.6591044776119404,-8.59
0.6567164179104479,-8.59
0.6567164179104479,-8.59
0.6567164179104479,-8.59
0.6567164179104479,-8.59
0.6567164179104479,-8.59
0.653731343283582,-8.59
0.653731343283582,-8.59
0.653731343283582,-8.59
0.653731343283582,-8.59
0.653731343283582,-8.59
0.6507462686567164,-8.59
0.6507462686567164,-8.59
0.6498507462686567,-8.59
0.6495522388059699,-8.59
0.6489552238805969,-8.59
0.6489552238805969,-8.59
0.6477611940298504,-8.59
0.6477611940298504,-8.59
0.6456716417910447,-8.59
0.644776119402985,-8.59
0.644776119402985,-8.59
0.644776119402985,-8.59
0.644776119402985,-8.59
0.644776119402985,-8.59
0.6426865671641793,-8.59
0.6417910447761195,-8.59
0.6417910447761195,-8.59
0.6417910447761195,-8.59
0.6394029850746266,-8.59
0.6388059701492536,-8.59
0.6388059701492536,-8.59
0.6388059701492536,-8.59
0.6382089552238805,-8.59
0.6364179104477611,-8.59
0.6358208955223881,-8.59
0.6358208955223881,-8.59
0.6358208955223881,-8.59
0.6328358208955221,-8.59
0.6328358208955221,-8.59
0.6328358208955221,-8.59
0.6325373134328358,-8.59
0.6298507462686567,-8.59
0.6298507462686567,-8.59
0.6298507462686567,-8.59
0.6298507462686567,-8.59
0.6298507462686567,-8.59
0.6298507462686567,-8.59
0.6298507462686567,-8.59
0.6268656716417911,-8.59
0.6268656716417911,-8.59
0.6268656716417911,-8.59
0.6256716417910446,-8.59
0.6241791044776119,-8.59
0.6238805970149252,-8.59
0.6238805970149252,-8.59
0.6238805970149252,-8.59
0.6238805970149252,-8.59
0.6238805970149252,-8.59
0.6238805970149252,-8.59
0.6238805970149252,-8.59
0.6220895522388057,-8.59
0.6208955223880597,-8.59
0.6208955223880597,-8.59
0.6179104477611937,-8.59
0.6179104477611937,-8.59
0.6179104477611937,-8.59
0.6149253731343283,-8.59
0.6149253731343283,-8.59
0.6146268656716416,-8.59
0.612238805970149,-8.59
0.6119402985074628,-8.59
0.6119402985074628,-8.59
0.6119402985074628,-8.59
0.6119402985074628,-8.59
0.6119402985074628,-8.59
0.6119402985074628,-8.59
0.6119402985074628,-8.59
0.6119402985074628,-8.59
0.6119402985074628,-8.59
0.6113432835820893,-8.59
0.6098507462686565,-8.59
0.6089552238805969,-8.59
0.6089552238805969,-8.59
0.6074626865671641,-8.59
0.6071641791044774,-8.59
0.6059701492537314,-8.59
0.6059701492537314,-8.59
0.6059701492537314,-8.59
0.6035820895522389,-8.59
0.6029850746268655,-8.59
0.6029850746268655,-8.59
0.6029850746268655,-8.59
0.6029850746268655,-8.59
0.6029850746268655,-8.59
0.6029850746268655,-8.59
0.6029850746268655,-8.59
0.6029850746268655,-8.59
0.6029850746268655,-8.59
0.6011940298507463,-8.59
0.6008955223880597,-8.59
0.6008955223880597,-8.59
0.6008955223880597,-8.59
0.5999999999999999,-8.59
0.5999999999999999,-8.59
0.5999999999999999,-8.59
0.5999999999999999,-8.59
0.5999999999999999,-8.59
0.5999999999999999,-8.59
0.5985074626865672,-8.59
0.5982089552238804,-8.59
0.5976119402985074,-8.59
0.5970149253731344,-8.59
0.5970149253731344,-8.59
0.5940298507462685,-8.59
0.5940298507462685,-8.59
0.5940298507462685,-8.59
0.5940298507462685,-8.59
0.5937313432835822,-8.59
0.5934328358208955,-8.59
0.5928358208955224,-8.59
0.591044776119403,-8.59
0.591044776119403,-8.59
0.591044776119403,-8.59
0.5895522388059702,-8.59
0.5892537313432835,-8.59
0.5889552238805968,-8.59
0.5880597014925371,-8.59
0.5880597014925371,-8.59
0.5880597014925371,-8.59
0.5880597014925371,-8.59
0.5880597014925371,-8.59
0.5877611940298507,-8.59
0.5871641791044774,-8.59
0.5850746268656716,-8.59
0.5850746268656716,-8.59
0.5850746268656716,-8.59
0.5850746268656716,-8.59
0.5844776119402986,-8.59
0.5841791044776118,-8.59
0.5832835820895521,-8.59
0.5826865671641791,-8.59
0.5820895522388061,-8.59
0.5820895522388061,-8.59
0.5820895522388061,-8.59
0.5820895522388061,-8.59
0.5820895522388061,-8.59
0.5805970149253729,-8.59
0.5802985074626866,-8.59
0.5791044776119402,-8.59
0.5776119402985074,-8.59
0.5761194029850746,-8.59
0.5761194029850746,-8.59
0.5761194029850746,-8.59
0.5746268656716419,-8.59
0.5731343283582087,-8.59
0.5731343283582087,-8.59
0.5731343283582087,-8.59
0.5701492537313432,-8.59
0.5701492537313432,-8.59
0.5701492537313432,-8.59
0.5701492537313432,-8.59
0.5671641791044777,-8.59
0.5671641791044777,-8.59
0.5656716417910446,-8.59
0.5641791044776118,-8.59
0.5641791044776118,-8.59
0.5641791044776118,-8.59
0.5611940298507463,-8.59
0.5582089552238804,-8.59
0.5582089552238804,-8.59
0.5582089552238804,-8.59
0.5576119402985074,-8.59
0.5564179104477613,-8.59
0.5552238805970149,-8.59
0.5552238805970149,-8.59
0.5546268656716419,-8.59
0.5528358208955224,-8.59
0.5522388059701493,-8.59
0.5522388059701493,-8.59
0.5519402985074626,-8.59
0.5465671641791042,-8.59
0.5462686567164179,-8.59
0.5462686567164179,-8.59
0.5462686567164179,-8.59
0.5453731343283582,-8.59
0.5450746268656714,-8.59
0.5438805970149254,-8.59
0.543283582089552,-8.59
0.543283582089552,-8.59
0.543283582089552,-8.59
0.5402985074626865,-8.59
0.5402985074626865,-8.59
0.5402985074626865,-8.59
0.5402985074626865,-8.59
0.537313432835821,-8.59
0.5346268656716417,-8.59
0.5343283582089551,-8.59
0.5343283582089551,-8.59
0.5343283582089551,-8.59
0.5316417910447758,-8.59
0.5313432835820896,-8.59
0.5313432835820896,-8.59
0.5313432835820896,-8.59
0.5313432835820896,-8.59
0.5313432835820896,-8.59
0.5313432835820896,-8.59
0.5295522388059701,-8.59
0.5283582089552237,-8.59
0.5283582089552237,-8.59
0.5283582089552237,-8.59
0.5268656716417909,-8.59
0.5235820895522386,-8.59
0.5223880597014926,-8.59
0.5223880597014926,-8.59
0.5208955223880595,-8.59
0.5194029850746267,-8.59
0.5194029850746267,-8.59
0.5194029850746267,-8.59
0.5194029850746267,-8.59
0.5164179104477612,-8.59
0.5164179104477612,-8.59
0.5164179104477612,-8.59
0.5134328358208953,-8.59
0.5080597014925373,-8.59
0.5074626865671643,-8.59
0.5074626865671643,-8.59
0.5074626865671643,-8.59
0.5074626865671643,-8.59
0.5074626865671643,-8.59
0.5074626865671643,-8.59
0.5074626865671643,-8.59
0.5068656716417909,-8.59
0.5044776119402984,-8.59
0.5026865671641789,-8.59
0.5014925373134329,-8.59
0.5014925373134329,-8.59
0.5014925373134329,-8.59
0.5002985074626864,-8.59
0.4985074626865669,-8.59
0.4985074626865669,-8.59
0.4955223880597014,-8.59
0.4955223880597014,-8.59
0.4925373134328359,-8.59
0.4925373134328359,-8.59
0.4925373134328359,-8.59
0.4907462686567164,-8.59
0.48955223880597,-8.59
0.48955223880597,-8.59
0.48955223880597,-8.59
0.4865671641791045,-8.59
0.4865671641791045,-8.59
0.4835820895522386,-8.59
0.4835820895522386,-8.59
0.4835820895522386,-8.59
0.4805970149253731,-8.59
0.4805970149253731,-8.59
0.48,-8.59
0.4794029850746266,-8.59
0.4785074626865673,-8.59
0.4776119402985075,-8.59
0.4776119402985075,-8.59
0.4776119402985075,-8.59
0.4746268656716416,-8.59
0.4746268656716416,-8.59
0.4716417910447761,-8.59
0.4716417910447761,-8.59
0.4716417910447761,-8.59
0.4713432835820894,-8.59
0.4686567164179102,-8.59
0.4686567164179102,-8.59
0.4686567164179102,-8.59
0.4626865671641792,-8.59
0.4558208955223881,-8.59
0.4537313432835819,-8.59
0.4537313432835819,-8.59
0.4507462686567163,-8.59
0.4477611940298509,-8.59
0.4447761194029849,-8.59
0.4417910447761194,-8.59
0.431641791044776,-8.59
0.4298507462686566,-8.59
0.4265671641791043,-8.59
0.4238805970149251,-8.59
0.4149253731343282,-8.59
0.4149253731343282,-8.59
0.4119402985074627,-8.59
0.4077611940298508,-8.59
0.4077611940298508,-8.59
0.4059701492537313,-8.59
0.4059701492537313,-8.59
0.4008955223880596,-8.59
0.4008955223880596,-8.59
0.3940298507462684,-8.59
0.3925373134328357,-8.59
0.3910447761194029,-8.59
0.3901492537313432,-8.59
0.3892537313432834,-8.59
0.3823880597014923,-8.59
0.3791044776119401,-8.59
0.3791044776119401,-8.59
0.377910447761194,-8.59
0.3770149253731343,-8.59
0.3731343283582091,-8.59
0.3722388059701493,-8.59
0.3671641791044777,-8.59
0.3635820895522387,-8.59
0.3605970149253732,-8.59
0.3591044776119405,-8.59
0.3582089552238807,-8.59
0.3492537313432833,-8.59
0.3468656716417909,-8.59
0.3462686567164179,-8.59
0.3438805970149254,-8.59
0.3340298507462687,-8.59
0.3223880597014926,-8.59
0.3205970149253731,-8.59
0.3134328358208956,-8.59
0.3074626865671642,-8.59
0.304776119402985,-8.59
0.28955223880597,-8.59
0.2835820895522389,-8.59
0.280597014925373,-8.59
0.2802985074626867,-8.59
0.2761194029850747,-8.59
0.2716417910447761,-8.59
0.2626865671641791,-8.59
0.2328358208955224,-8.59
0.226865671641791,-8.59
0.2179104477611941,-8.59
0.1865671641791046,-8.59
0.1791044776119404,-8.59
0.1104477611940299,-8.59
0.0782089552238807,-8.59
0.0149253731343283,-8.59
0.0,-8.59
1.0,-4.08
0.9983490566037736,-4.08
0.9974056603773584,-4.08
0.975235849056604,-4.08
0.9573113207547173,-4.08
0.9549528301886792,-4.08
0.9431603773584908,-4.08
0.940801886792453,-4.08
0.9290094339622644,-4.08
0.900235849056604,-4.08
0.8992924528301888,-4.08
0.8983490566037738,-4.08
0.8849056603773586,-4.08
0.8834905660377359,-4.08
0.8771226415094341,-4.08
0.875,-4.08
0.8610849056603773,-4.08
0.8606132075471699,-4.08
0.847169811320755,-4.08
0.8462264150943397,-4.08
0.8261792452830191,-4.08
0.8216981132075474,-4.08
0.8186320754716981,-4.08
0.8181603773584907,-4.08
0.8061320754716981,-4.08
0.7816037735849058,-4.08
0.7757075471698115,-4.08
0.7733490566037735,-4.08
0.7667452830188679,-4.08
0.7613207547169814,-4.08
0.757547169811321,-4.08
0.7462264150943397,-4.08
0.7433962264150944,-4.08
0.742688679245283,-4.08
0.742688679245283,-4.08
0.7257075471698113,-4.08
0.7245283018867926,-4.08
0.7087264150943396,-4.08
0.7063679245283021,-4.08
0.7063679245283021,-4.08
0.6648584905660379,-4.08
0.6629716981132077,-4.08
0.6436320754716981,-4.08
0.6318396226415094,-4.08
0.6224056603773587,-4.08
0.582311320754717,-4.08
0.5799528301886795,-4.08
0.5596698113207549,-4.08
0.5528301886792454,-4.08
0.5186320754716981,-4.08
0.503301886792453,-4.08
0.5014150943396225,-4.08
0.4964622641509434,-4.08
0.4950471698113207,-4.08
0.483254716981132,-4.08
0.483254716981132,-4.08
0.4643867924528302,-4.08
0.4549528301886791,-4.08
0.4523584905660376,-4.08
0.4337264150943397,-4.08
0.4306603773584904,-4.08
0.4014150943396226,-4.08
0.4014150943396226,-4.08
0.4007075471698113,-4.08
0.4007075471698113,-4.08
0.4007075471698113,-4.08
0.3959905660377357,-4.08
0.3882075471698112,-4.08
0.3620283018867924,-4.08
0.3466981132075473,-4.08
0.3382075471698115,-4.08
0.3257075471698114,-4.08
0.3240566037735848,-4.08
0.3200471698113206,-4.08
0.3158018867924529,-4.08
0.3040094339622642,-4.08
0.2792452830188681,-4.08
0.266745283018868,-4.08
0.2568396226415095,-4.08
0.2566037735849056,-4.08
0.252122641509434,-4.08
0.1719339622641507,-4.08
0.1372641509433962,-4.08
0.1176886792452829,-4.08
0.109198113207547,-4.08
0.0870283018867924,-4.08
0.0870283018867924,-4.08
0.0681603773584905,-4.08
0.0504716981132075,-4.08
0.0476415094339621,-4.08
0.0429245283018868,-4.08
0.0382075471698112,-4.08
0.0360849056603773,-4.08
0.035377358490566,-4.08
0.0198113207547168,-4.08
0.000943396226415,-4.08
0.0002358490566037,-4.08
0.0,-4.08
1.0,-0.444
0.9938398357289524,-0.444
0.9938398357289524,-0.444
0.9917864476386024,-0.444
0.9897330595482524,-0.444
0.9794661190965076,-0.444
0.9794661190965076,-0.444
0.9774127310061604,-0.444
0.9753593429158102,-0.444
0.9753593429158102,-0.444
0.97330595482546,-0.444
0.9691991786447628,-0.444
0.9671457905544126,-0.444
0.9671457905544126,-0.444
0.9671457905544126,-0.444
0.9650924024640654,-0.444
0.9650924024640654,-0.444
0.9650924024640654,-0.444
0.9507186858316204,-0.444
0.9507186858316204,-0.444
0.9445585215605729,-0.444
0.9445585215605729,-0.444
0.9445585215605729,-0.444
0.9445585215605729,-0.444
0.9445585215605729,-0.444
0.9445585215605729,-0.444
0.9445585215605729,-0.444
0.9240246406570832,-0.444
0.9240246406570832,-0.444
0.9240246406570832,-0.444
0.9240246406570832,-0.444
0.9240246406570832,-0.444
0.9219712525667332,-0.444
0.917864476386036,-0.444
0.907597535934291,-0.444
0.9034907597535936,-0.444
0.9034907597535936,-0.444
0.9034907597535936,-0.444
0.8829568788501012,-0.444
0.8624229979466117,-0.444
0.8624229979466117,-0.444
0.8213552361396296,-0.444
0.7679671457905527,-0.444
0.7392197125256655,-0.444
0.7371663244353183,-0.444
0.7186858316221759,-0.444
0.6570841889117043,-0.444
0.6570841889117043,-0.444
0.6570841889117043,-0.444
0.6242299794661198,-0.444
0.0492813141683767,-0.444
0.0,-0.444
